<?xml version="1.0" encoding="UTF-8" ?>
<!DOCTYPE mapper PUBLIC "-//mybatis.org//DTD Mapper 3.0//EN" "http://mybatis.org/dtd/mybatis-3-mapper.dtd" >
<mapper namespace="com.lixw.dao.StudentMapper" >
  <resultMap id="BaseResultMap" type="com.lixw.model.Student" >
    <id column="S_ID" property="sId" jdbcType="VARCHAR" />
    <result column="S_NUM" property="sNum" jdbcType="VARCHAR" />
    <result column="S_NAME" property="sName" jdbcType="VARCHAR" />
    <result column="S_SEX" property="sSex" jdbcType="VARCHAR" />
    <result column="S_AGE" property="sAge" jdbcType="INTEGER" />
    <result column="S_TEL" property="sTel" jdbcType="VARCHAR" />
    <result column="S_CLASS" property="sClass" jdbcType="VARCHAR" />
  </resultMap>
  <sql id="Example_Where_Clause" >
    <where >
      <foreach collection="oredCriteria" item="criteria" separator="or" >
        <if test="criteria.valid" >
          <trim prefix="(" suffix=")" prefixOverrides="and" >
            <foreach collection="criteria.criteria" item="criterion" >
              <choose >
                <when test="criterion.noValue" >
                  and ${criterion.condition}
                </when>
                <when test="criterion.singleValue" >
                  and ${criterion.condition} #{criterion.value}
                </when>
                <when test="criterion.betweenValue" >
                  and ${criterion.condition} #{criterion.value} and #{criterion.secondValue}
                </when>
                <when test="criterion.listValue" >
                  and ${criterion.condition}
                  <foreach collection="criterion.value" item="listItem" open="(" close=")" separator="," >
                    #{listItem}
                  </foreach>
                </when>
              </choose>
            </foreach>
          </trim>
        </if>
      </foreach>
    </where>
  </sql>
  <sql id="Update_By_Example_Where_Clause" >
    <where >
      <foreach collection="example.oredCriteria" item="criteria" separator="or" >
        <if test="criteria.valid" >
          <trim prefix="(" suffix=")" prefixOverrides="and" >
            <foreach collection="criteria.criteria" item="criterion" >
              <choose >
                <when test="criterion.noValue" >
                  and ${criterion.condition}
                </when>
                <when test="criterion.singleValue" >
                  and ${criterion.condition} #{criterion.value}
                </when>
                <when test="criterion.betweenValue" >
                  and ${criterion.condition} #{criterion.value} and #{criterion.secondValue}
                </when>
                <when test="criterion.listValue" >
                  and ${criterion.condition}
                  <foreach collection="criterion.value" item="listItem" open="(" close=")" separator="," >
                    #{listItem}
                  </foreach>
                </when>
              </choose>
            </foreach>
          </trim>
        </if>
      </foreach>
    </where>
  </sql>
  <sql id="Base_Column_List" >
    S_ID, S_NUM, S_NAME, S_SEX, S_AGE, S_TEL, S_CLASS
  </sql>
  <select id="selectByExample" resultMap="BaseResultMap" parameterType="com.lixw.model.StudentExample" >
    select
    <if test="distinct" >
      distinct
    </if>
    <include refid="Base_Column_List" />
    from student
    <if test="_parameter != null" >
      <include refid="Example_Where_Clause" />
    </if>
    <if test="orderByClause != null" >
      order by ${orderByClause}
    </if>
  </select>
  <select id="selectByPrimaryKey" resultMap="BaseResultMap" parameterType="java.lang.String" >
    select 
    <include refid="Base_Column_List" />
    from student
    where S_ID = #{sId,jdbcType=VARCHAR}
  </select>
  <delete id="deleteByPrimaryKey" parameterType="java.lang.String" >
    delete from student
    where S_ID = #{sId,jdbcType=VARCHAR}
  </delete>
  <delete id="deleteByExample" parameterType="com.lixw.model.StudentExample" >
    delete from student
    <if test="_parameter != null" >
      <include refid="Example_Where_Clause" />
    </if>
  </delete>
  <insert id="insert" parameterType="com.lixw.model.Student" >
    insert into student (S_ID, S_NUM, S_NAME, 
      S_SEX, S_AGE, S_TEL, S_CLASS
      )
    values (#{sId,jdbcType=VARCHAR}, #{sNum,jdbcType=VARCHAR}, #{sName,jdbcType=VARCHAR}, 
      #{sSex,jdbcType=VARCHAR}, #{sAge,jdbcType=INTEGER}, #{sTel,jdbcType=VARCHAR}, #{sClass,jdbcType=VARCHAR}
      )
  </insert>
  <insert id="insertSelective" parameterType="com.lixw.model.Student" >
    insert into student
    <trim prefix="(" suffix=")" suffixOverrides="," >
      <if test="sId != null" >
        S_ID,
      </if>
      <if test="sNum != null" >
        S_NUM,
      </if>
      <if test="sName != null" >
        S_NAME,
      </if>
      <if test="sSex != null" >
        S_SEX,
      </if>
      <if test="sAge != null" >
        S_AGE,
      </if>
      <if test="sTel != null" >
        S_TEL,
      </if>
      <if test="sClass != null" >
        S_CLASS,
      </if>
    </trim>
    <trim prefix="values (" suffix=")" suffixOverrides="," >
      <if test="sId != null" >
        #{sId,jdbcType=VARCHAR},
      </if>
      <if test="sNum != null" >
        #{sNum,jdbcType=VARCHAR},
      </if>
      <if test="sName != null" >
        #{sName,jdbcType=VARCHAR},
      </if>
      <if test="sSex != null" >
        #{sSex,jdbcType=VARCHAR},
      </if>
      <if test="sAge != null" >
        #{sAge,jdbcType=INTEGER},
      </if>
      <if test="sTel != null" >
        #{sTel,jdbcType=VARCHAR},
      </if>
      <if test="sClass != null" >
        #{sClass,jdbcType=VARCHAR},
      </if>
    </trim>
  </insert>
  <select id="countByExample" parameterType="com.lixw.model.StudentExample" resultType="java.lang.Integer" >
    select count(*) from student
    <if test="_parameter != null" >
      <include refid="Example_Where_Clause" />
    </if>
  </select>
  <update id="updateByExampleSelective" parameterType="map" >
    update student
    <set >
      <if test="record.sId != null" >
        S_ID = #{record.sId,jdbcType=VARCHAR},
      </if>
      <if test="record.sNum != null" >
        S_NUM = #{record.sNum,jdbcType=VARCHAR},
      </if>
      <if test="record.sName != null" >
        S_NAME = #{record.sName,jdbcType=VARCHAR},
      </if>
      <if test="record.sSex != null" >
        S_SEX = #{record.sSex,jdbcType=VARCHAR},
      </if>
      <if test="record.sAge != null" >
        S_AGE = #{record.sAge,jdbcType=INTEGER},
      </if>
      <if test="record.sTel != null" >
        S_TEL = #{record.sTel,jdbcType=VARCHAR},
      </if>
      <if test="record.sClass != null" >
        S_CLASS = #{record.sClass,jdbcType=VARCHAR},
      </if>
    </set>
    <if test="_parameter != null" >
      <include refid="Update_By_Example_Where_Clause" />
    </if>
  </update>
  <update id="updateByExample" parameterType="map" >
    update student
    set S_ID = #{record.sId,jdbcType=VARCHAR},
      S_NUM = #{record.sNum,jdbcType=VARCHAR},
      S_NAME = #{record.sName,jdbcType=VARCHAR},
      S_SEX = #{record.sSex,jdbcType=VARCHAR},
      S_AGE = #{record.sAge,jdbcType=INTEGER},
      S_TEL = #{record.sTel,jdbcType=VARCHAR},
      S_CLASS = #{record.sClass,jdbcType=VARCHAR}
    <if test="_parameter != null" >
      <include refid="Update_By_Example_Where_Clause" />
    </if>
  </update>
  <update id="updateByPrimaryKeySelective" parameterType="com.lixw.model.Student" >
    update student
    <set >
      <if test="sNum != null" >
        S_NUM = #{sNum,jdbcType=VARCHAR},
      </if>
      <if test="sName != null" >
        S_NAME = #{sName,jdbcType=VARCHAR},
      </if>
      <if test="sSex != null" >
        S_SEX = #{sSex,jdbcType=VARCHAR},
      </if>
      <if test="sAge != null" >
        S_AGE = #{sAge,jdbcType=INTEGER},
      </if>
      <if test="sTel != null" >
        S_TEL = #{sTel,jdbcType=VARCHAR},
      </if>
      <if test="sClass != null" >
        S_CLASS = #{sClass,jdbcType=VARCHAR},
      </if>
    </set>
    where S_ID = #{sId,jdbcType=VARCHAR}
  </update>
  <update id="updateByPrimaryKey" parameterType="com.lixw.model.Student" >
    update student
    set S_NUM = #{sNum,jdbcType=VARCHAR},
      S_NAME = #{sName,jdbcType=VARCHAR},
      S_SEX = #{sSex,jdbcType=VARCHAR},
      S_AGE = #{sAge,jdbcType=INTEGER},
      S_TEL = #{sTel,jdbcType=VARCHAR},
      S_CLASS = #{sClass,jdbcType=VARCHAR}
    where S_ID = #{sId,jdbcType=VARCHAR}
  </update>
</mapper>