<?xml version="1.0" encoding="UTF-8" ?>
<!DOCTYPE mapper PUBLIC "-//mybatis.org//DTD Mapper 3.0//EN" "http://mybatis.org/dtd/mybatis-3-mapper.dtd" >
<mapper namespace="com.lixw.dao.AdminMapper" >
  <resultMap id="BaseResultMap" type="com.lixw.model.Admin" >
    <id column="A_ID" property="aId" jdbcType="VARCHAR" />
    <result column="A_NAME" property="aName" jdbcType="VARCHAR" />
    <result column="A_ADMIN" property="aAdmin" jdbcType="VARCHAR" />
    <result column="A_PWD" property="aPwd" jdbcType="VARCHAR" />
    <result column="A_TEL" property="aTel" jdbcType="VARCHAR" />
  </resultMap>
  <sql id="Example_Where_Clause" >
    <where >
      <foreach collection="oredCriteria" item="criteria" separator="or" >
        <if test="criteria.valid" >
          <trim prefix="(" suffix=")" prefixOverrides="and" >
            <foreach collection="criteria.criteria" item="criterion" >
              <choose >
                <when test="criterion.noValue" >
                  and ${criterion.condition}
                </when>
                <when test="criterion.singleValue" >
                  and ${criterion.condition} #{criterion.value}
                </when>
                <when test="criterion.betweenValue" >
                  and ${criterion.condition} #{criterion.value} and #{criterion.secondValue}
                </when>
                <when test="criterion.listValue" >
                  and ${criterion.condition}
                  <foreach collection="criterion.value" item="listItem" open="(" close=")" separator="," >
                    #{listItem}
                  </foreach>
                </when>
              </choose>
            </foreach>
          </trim>
        </if>
      </foreach>
    </where>
  </sql>
  <sql id="Update_By_Example_Where_Clause" >
    <where >
      <foreach collection="example.oredCriteria" item="criteria" separator="or" >
        <if test="criteria.valid" >
          <trim prefix="(" suffix=")" prefixOverrides="and" >
            <foreach collection="criteria.criteria" item="criterion" >
              <choose >
                <when test="criterion.noValue" >
                  and ${criterion.condition}
                </when>
                <when test="criterion.singleValue" >
                  and ${criterion.condition} #{criterion.value}
                </when>
                <when test="criterion.betweenValue" >
                  and ${criterion.condition} #{criterion.value} and #{criterion.secondValue}
                </when>
                <when test="criterion.listValue" >
                  and ${criterion.condition}
                  <foreach collection="criterion.value" item="listItem" open="(" close=")" separator="," >
                    #{listItem}
                  </foreach>
                </when>
              </choose>
            </foreach>
          </trim>
        </if>
      </foreach>
    </where>
  </sql>
  <sql id="Base_Column_List" >
    A_ID, A_NAME, A_ADMIN, A_PWD, A_TEL
  </sql>
  <select id="selectByExample" resultMap="BaseResultMap" parameterType="com.lixw.model.AdminExample" >
    select
    <if test="distinct" >
      distinct
    </if>
    <include refid="Base_Column_List" />
    from admin
    <if test="_parameter != null" >
      <include refid="Example_Where_Clause" />
    </if>
    <if test="orderByClause != null" >
      order by ${orderByClause}
    </if>
  </select>
  <select id="selectByPrimaryKey" resultMap="BaseResultMap" parameterType="java.lang.String" >
    select 
    <include refid="Base_Column_List" />
    from admin
    where A_ID = #{aId,jdbcType=VARCHAR}
  </select>
  <delete id="deleteByPrimaryKey" parameterType="java.lang.String" >
    delete from admin
    where A_ID = #{aId,jdbcType=VARCHAR}
  </delete>
  <delete id="deleteByExample" parameterType="com.lixw.model.AdminExample" >
    delete from admin
    <if test="_parameter != null" >
      <include refid="Example_Where_Clause" />
    </if>
  </delete>
  <insert id="insert" parameterType="com.lixw.model.Admin" >
    insert into admin (A_ID, A_NAME, A_ADMIN, 
      A_PWD, A_TEL)
    values (#{aId,jdbcType=VARCHAR}, #{aName,jdbcType=VARCHAR}, #{aAdmin,jdbcType=VARCHAR}, 
      #{aPwd,jdbcType=VARCHAR}, #{aTel,jdbcType=VARCHAR})
  </insert>
  <insert id="insertSelective" parameterType="com.lixw.model.Admin" >
    insert into admin
    <trim prefix="(" suffix=")" suffixOverrides="," >
      <if test="aId != null" >
        A_ID,
      </if>
      <if test="aName != null" >
        A_NAME,
      </if>
      <if test="aAdmin != null" >
        A_ADMIN,
      </if>
      <if test="aPwd != null" >
        A_PWD,
      </if>
      <if test="aTel != null" >
        A_TEL,
      </if>
    </trim>
    <trim prefix="values (" suffix=")" suffixOverrides="," >
      <if test="aId != null" >
        #{aId,jdbcType=VARCHAR},
      </if>
      <if test="aName != null" >
        #{aName,jdbcType=VARCHAR},
      </if>
      <if test="aAdmin != null" >
        #{aAdmin,jdbcType=VARCHAR},
      </if>
      <if test="aPwd != null" >
        #{aPwd,jdbcType=VARCHAR},
      </if>
      <if test="aTel != null" >
        #{aTel,jdbcType=VARCHAR},
      </if>
    </trim>
  </insert>
  <select id="countByExample" parameterType="com.lixw.model.AdminExample" resultType="java.lang.Integer" >
    select count(*) from admin
    <if test="_parameter != null" >
      <include refid="Example_Where_Clause" />
    </if>
  </select>
  <update id="updateByExampleSelective" parameterType="map" >
    update admin
    <set >
      <if test="record.aId != null" >
        A_ID = #{record.aId,jdbcType=VARCHAR},
      </if>
      <if test="record.aName != null" >
        A_NAME = #{record.aName,jdbcType=VARCHAR},
      </if>
      <if test="record.aAdmin != null" >
        A_ADMIN = #{record.aAdmin,jdbcType=VARCHAR},
      </if>
      <if test="record.aPwd != null" >
        A_PWD = #{record.aPwd,jdbcType=VARCHAR},
      </if>
      <if test="record.aTel != null" >
        A_TEL = #{record.aTel,jdbcType=VARCHAR},
      </if>
    </set>
    <if test="_parameter != null" >
      <include refid="Update_By_Example_Where_Clause" />
    </if>
  </update>
  <update id="updateByExample" parameterType="map" >
    update admin
    set A_ID = #{record.aId,jdbcType=VARCHAR},
      A_NAME = #{record.aName,jdbcType=VARCHAR},
      A_ADMIN = #{record.aAdmin,jdbcType=VARCHAR},
      A_PWD = #{record.aPwd,jdbcType=VARCHAR},
      A_TEL = #{record.aTel,jdbcType=VARCHAR}
    <if test="_parameter != null" >
      <include refid="Update_By_Example_Where_Clause" />
    </if>
  </update>
  <update id="updateByPrimaryKeySelective" parameterType="com.lixw.model.Admin" >
    update admin
    <set >
      <if test="aName != null" >
        A_NAME = #{aName,jdbcType=VARCHAR},
      </if>
      <if test="aAdmin != null" >
        A_ADMIN = #{aAdmin,jdbcType=VARCHAR},
      </if>
      <if test="aPwd != null" >
        A_PWD = #{aPwd,jdbcType=VARCHAR},
      </if>
      <if test="aTel != null" >
        A_TEL = #{aTel,jdbcType=VARCHAR},
      </if>
    </set>
    where A_ID = #{aId,jdbcType=VARCHAR}
  </update>
  <update id="updateByPrimaryKey" parameterType="com.lixw.model.Admin" >
    update admin
    set A_NAME = #{aName,jdbcType=VARCHAR},
      A_ADMIN = #{aAdmin,jdbcType=VARCHAR},
      A_PWD = #{aPwd,jdbcType=VARCHAR},
      A_TEL = #{aTel,jdbcType=VARCHAR}
    where A_ID = #{aId,jdbcType=VARCHAR}
  </update>
</mapper>