<?xml version="1.0" encoding="UTF-8" ?>
<!DOCTYPE mapper PUBLIC "-//mybatis.org//DTD Mapper 3.0//EN" "http://mybatis.org/dtd/mybatis-3-mapper.dtd" >
<mapper namespace="com.lixw.dao.BookCustomMapper">
	<select id="queryBookListByPage" resultType="Map" parameterType="Map">
		SELECT
			b.book_id AS "bookId",
			b.book_no AS "bookNo",
			b.book_code AS "bookCode",
			b.book_name AS "bookName",
			b.book_type AS "bookType",
			b.book_author AS "bookAuthor",
			b.book_cbs AS "bookCbs",
			b.book_price AS "bookPrice",
			b.book_status AS "bookStatus",
			b.book_num AS "bookNum"
		FROM book b where 1 = 1
		<if test="bookNo != null and bookNo != ''">
			AND b.book_no = #{bookNo, jdbcType=VARCHAR}
		</if>
		<if test="bookName != null and bookName != ''">
			AND b.book_name LIKE #{bookName, jdbcType=VARCHAR}
		</if>
		<if test="bookAuthor != null and bookAuthor != ''">
			AND b.book_author LIKE #{bookAuthor, jdbcType=VARCHAR}
		</if>
		<if test="bookStatus != null and bookStatus != ''">
			AND b.book_status = #{bookStatus, jdbcType=VARCHAR}
		</if>
	</select>
</mapper>