<?xml version="1.0" encoding="UTF-8" ?>
<!DOCTYPE mapper PUBLIC "-//mybatis.org//DTD Mapper 3.0//EN" "http://mybatis.org/dtd/mybatis-3-mapper.dtd" >
<mapper namespace="com.lixw.dao.BookMapper" >
  <resultMap id="BaseResultMap" type="com.lixw.model.Book" >
    <id column="book_id" property="bookId" jdbcType="VARCHAR" />
    <result column="book_no" property="bookNo" jdbcType="VARCHAR" />
    <result column="book_code" property="bookCode" jdbcType="VARCHAR" />
    <result column="book_name" property="bookName" jdbcType="VARCHAR" />
    <result column="book_type" property="bookType" jdbcType="VARCHAR" />
    <result column="book_author" property="bookAuthor" jdbcType="VARCHAR" />
    <result column="book_cbs" property="bookCbs" jdbcType="VARCHAR" />
    <result column="book_price" property="bookPrice" jdbcType="DECIMAL" />
    <result column="book_status" property="bookStatus" jdbcType="VARCHAR" />
    <result column="book_num" property="bookNum" jdbcType="INTEGER" />
  </resultMap>
  <sql id="Example_Where_Clause" >
    <where >
      <foreach collection="oredCriteria" item="criteria" separator="or" >
        <if test="criteria.valid" >
          <trim prefix="(" suffix=")" prefixOverrides="and" >
            <foreach collection="criteria.criteria" item="criterion" >
              <choose >
                <when test="criterion.noValue" >
                  and ${criterion.condition}
                </when>
                <when test="criterion.singleValue" >
                  and ${criterion.condition} #{criterion.value}
                </when>
                <when test="criterion.betweenValue" >
                  and ${criterion.condition} #{criterion.value} and #{criterion.secondValue}
                </when>
                <when test="criterion.listValue" >
                  and ${criterion.condition}
                  <foreach collection="criterion.value" item="listItem" open="(" close=")" separator="," >
                    #{listItem}
                  </foreach>
                </when>
              </choose>
            </foreach>
          </trim>
        </if>
      </foreach>
    </where>
  </sql>
  <sql id="Update_By_Example_Where_Clause" >
    <where >
      <foreach collection="example.oredCriteria" item="criteria" separator="or" >
        <if test="criteria.valid" >
          <trim prefix="(" suffix=")" prefixOverrides="and" >
            <foreach collection="criteria.criteria" item="criterion" >
              <choose >
                <when test="criterion.noValue" >
                  and ${criterion.condition}
                </when>
                <when test="criterion.singleValue" >
                  and ${criterion.condition} #{criterion.value}
                </when>
                <when test="criterion.betweenValue" >
                  and ${criterion.condition} #{criterion.value} and #{criterion.secondValue}
                </when>
                <when test="criterion.listValue" >
                  and ${criterion.condition}
                  <foreach collection="criterion.value" item="listItem" open="(" close=")" separator="," >
                    #{listItem}
                  </foreach>
                </when>
              </choose>
            </foreach>
          </trim>
        </if>
      </foreach>
    </where>
  </sql>
  <sql id="Base_Column_List" >
    book_id, book_no, book_code, book_name, book_type, book_author, book_cbs, book_price, 
    book_status, book_num
  </sql>
  <select id="selectByExample" resultMap="BaseResultMap" parameterType="com.lixw.model.BookExample" >
    select
    <if test="distinct" >
      distinct
    </if>
    <include refid="Base_Column_List" />
    from book
    <if test="_parameter != null" >
      <include refid="Example_Where_Clause" />
    </if>
    <if test="orderByClause != null" >
      order by ${orderByClause}
    </if>
  </select>
  <select id="selectByPrimaryKey" resultMap="BaseResultMap" parameterType="java.lang.String" >
    select 
    <include refid="Base_Column_List" />
    from book
    where book_id = #{bookId,jdbcType=VARCHAR}
  </select>
  <delete id="deleteByPrimaryKey" parameterType="java.lang.String" >
    delete from book
    where book_id = #{bookId,jdbcType=VARCHAR}
  </delete>
  <delete id="deleteByExample" parameterType="com.lixw.model.BookExample" >
    delete from book
    <if test="_parameter != null" >
      <include refid="Example_Where_Clause" />
    </if>
  </delete>
  <insert id="insert" parameterType="com.lixw.model.Book" >
    insert into book (book_id, book_no, book_code, 
      book_name, book_type, book_author, 
      book_cbs, book_price, book_status, 
      book_num)
    values (#{bookId,jdbcType=VARCHAR}, #{bookNo,jdbcType=VARCHAR}, #{bookCode,jdbcType=VARCHAR}, 
      #{bookName,jdbcType=VARCHAR}, #{bookType,jdbcType=VARCHAR}, #{bookAuthor,jdbcType=VARCHAR}, 
      #{bookCbs,jdbcType=VARCHAR}, #{bookPrice,jdbcType=DECIMAL}, #{bookStatus,jdbcType=VARCHAR}, 
      #{bookNum,jdbcType=INTEGER})
  </insert>
  <insert id="insertSelective" parameterType="com.lixw.model.Book" >
    insert into book
    <trim prefix="(" suffix=")" suffixOverrides="," >
      <if test="bookId != null" >
        book_id,
      </if>
      <if test="bookNo != null" >
        book_no,
      </if>
      <if test="bookCode != null" >
        book_code,
      </if>
      <if test="bookName != null" >
        book_name,
      </if>
      <if test="bookType != null" >
        book_type,
      </if>
      <if test="bookAuthor != null" >
        book_author,
      </if>
      <if test="bookCbs != null" >
        book_cbs,
      </if>
      <if test="bookPrice != null" >
        book_price,
      </if>
      <if test="bookStatus != null" >
        book_status,
      </if>
      <if test="bookNum != null" >
        book_num,
      </if>
    </trim>
    <trim prefix="values (" suffix=")" suffixOverrides="," >
      <if test="bookId != null" >
        #{bookId,jdbcType=VARCHAR},
      </if>
      <if test="bookNo != null" >
        #{bookNo,jdbcType=VARCHAR},
      </if>
      <if test="bookCode != null" >
        #{bookCode,jdbcType=VARCHAR},
      </if>
      <if test="bookName != null" >
        #{bookName,jdbcType=VARCHAR},
      </if>
      <if test="bookType != null" >
        #{bookType,jdbcType=VARCHAR},
      </if>
      <if test="bookAuthor != null" >
        #{bookAuthor,jdbcType=VARCHAR},
      </if>
      <if test="bookCbs != null" >
        #{bookCbs,jdbcType=VARCHAR},
      </if>
      <if test="bookPrice != null" >
        #{bookPrice,jdbcType=DECIMAL},
      </if>
      <if test="bookStatus != null" >
        #{bookStatus,jdbcType=VARCHAR},
      </if>
      <if test="bookNum != null" >
        #{bookNum,jdbcType=INTEGER},
      </if>
    </trim>
  </insert>
  <select id="countByExample" parameterType="com.lixw.model.BookExample" resultType="java.lang.Integer" >
    select count(*) from book
    <if test="_parameter != null" >
      <include refid="Example_Where_Clause" />
    </if>
  </select>
  <update id="updateByExampleSelective" parameterType="map" >
    update book
    <set >
      <if test="record.bookId != null" >
        book_id = #{record.bookId,jdbcType=VARCHAR},
      </if>
      <if test="record.bookNo != null" >
        book_no = #{record.bookNo,jdbcType=VARCHAR},
      </if>
      <if test="record.bookCode != null" >
        book_code = #{record.bookCode,jdbcType=VARCHAR},
      </if>
      <if test="record.bookName != null" >
        book_name = #{record.bookName,jdbcType=VARCHAR},
      </if>
      <if test="record.bookType != null" >
        book_type = #{record.bookType,jdbcType=VARCHAR},
      </if>
      <if test="record.bookAuthor != null" >
        book_author = #{record.bookAuthor,jdbcType=VARCHAR},
      </if>
      <if test="record.bookCbs != null" >
        book_cbs = #{record.bookCbs,jdbcType=VARCHAR},
      </if>
      <if test="record.bookPrice != null" >
        book_price = #{record.bookPrice,jdbcType=DECIMAL},
      </if>
      <if test="record.bookStatus != null" >
        book_status = #{record.bookStatus,jdbcType=VARCHAR},
      </if>
      <if test="record.bookNum != null" >
        book_num = #{record.bookNum,jdbcType=INTEGER},
      </if>
    </set>
    <if test="_parameter != null" >
      <include refid="Update_By_Example_Where_Clause" />
    </if>
  </update>
  <update id="updateByExample" parameterType="map" >
    update book
    set book_id = #{record.bookId,jdbcType=VARCHAR},
      book_no = #{record.bookNo,jdbcType=VARCHAR},
      book_code = #{record.bookCode,jdbcType=VARCHAR},
      book_name = #{record.bookName,jdbcType=VARCHAR},
      book_type = #{record.bookType,jdbcType=VARCHAR},
      book_author = #{record.bookAuthor,jdbcType=VARCHAR},
      book_cbs = #{record.bookCbs,jdbcType=VARCHAR},
      book_price = #{record.bookPrice,jdbcType=DECIMAL},
      book_status = #{record.bookStatus,jdbcType=VARCHAR},
      book_num = #{record.bookNum,jdbcType=INTEGER}
    <if test="_parameter != null" >
      <include refid="Update_By_Example_Where_Clause" />
    </if>
  </update>
  <update id="updateByPrimaryKeySelective" parameterType="com.lixw.model.Book" >
    update book
    <set >
      <if test="bookNo != null" >
        book_no = #{bookNo,jdbcType=VARCHAR},
      </if>
      <if test="bookCode != null" >
        book_code = #{bookCode,jdbcType=VARCHAR},
      </if>
      <if test="bookName != null" >
        book_name = #{bookName,jdbcType=VARCHAR},
      </if>
      <if test="bookType != null" >
        book_type = #{bookType,jdbcType=VARCHAR},
      </if>
      <if test="bookAuthor != null" >
        book_author = #{bookAuthor,jdbcType=VARCHAR},
      </if>
      <if test="bookCbs != null" >
        book_cbs = #{bookCbs,jdbcType=VARCHAR},
      </if>
      <if test="bookPrice != null" >
        book_price = #{bookPrice,jdbcType=DECIMAL},
      </if>
      <if test="bookStatus != null" >
        book_status = #{bookStatus,jdbcType=VARCHAR},
      </if>
      <if test="bookNum != null" >
        book_num = #{bookNum,jdbcType=INTEGER},
      </if>
    </set>
    where book_id = #{bookId,jdbcType=VARCHAR}
  </update>
  <update id="updateByPrimaryKey" parameterType="com.lixw.model.Book" >
    update book
    set book_no = #{bookNo,jdbcType=VARCHAR},
      book_code = #{bookCode,jdbcType=VARCHAR},
      book_name = #{bookName,jdbcType=VARCHAR},
      book_type = #{bookType,jdbcType=VARCHAR},
      book_author = #{bookAuthor,jdbcType=VARCHAR},
      book_cbs = #{bookCbs,jdbcType=VARCHAR},
      book_price = #{bookPrice,jdbcType=DECIMAL},
      book_status = #{bookStatus,jdbcType=VARCHAR},
      book_num = #{bookNum,jdbcType=INTEGER}
    where book_id = #{bookId,jdbcType=VARCHAR}
  </update>
</mapper>